{"cameraMode":{"drawMode":0,"name":"Shaded","section":"Shading Mode"},"sceneLighting":true,"audioPlay":false,"sceneViewState":{"showFog":true,"showMaterialUpdate":false,"showSkybox":true,"showFlares":true,"showImageEffects":true,"showParticleSystems":true},"in2DMode":false,"pivot":{"x":-14.078142166137696,"y":-5.47526216506958,"z":-3.132906675338745},"rotation":{"x":-0.025865770876407625,"y":0.7524207830429077,"z":-0.02958669885993004,"w":-0.6575276851654053},"size":0.6121541261672974,"orthographic":false}